time,latitude,longitude,depth,mag,magType,place,type
2022-06-12T13:00:00,-17.1687,35.1419,641.2,5.6,Mw,Philippines,earthquake
2021-05-16T04:00:00,-36.151,-144.6797,688.1,7.9,Mw,Turkey-Syria Border,earthquake
2016-09-24T20:00:00,45.8714,-162.3359,617.92,7.8,Mw,Japan Trench,earthquake
2016-05-22T01:00:00,-57.1119,-125.8401,571.2,5.7,Mw,Turkey-Syria Border,earthquake
2024-03-26T05:00:00,34.6232,-161.4269,56.04,3.6,Mw,Philippines,earthquake
2018-11-10T08:00:00,57.1495,103.4391,31.1,5.1,Mw,Mexico,earthquake
2024-01-08T01:00:00,13.1544,-170.2001,172.57,4.1,Mw,Turkey-Syria Border,earthquake
2016-07-11T23:00:00,-40.0081,118.8846,225.81,5.5,Mw,"Sumatra, Indonesia",earthquake
2022-03-18T10:00:00,53.5213,58.3662,638.55,2.5,Mw,Iran,earthquake
2017-04-11T18:00:00,59.5834,9.9032,541.57,6.5,Mw,"California, USA",earthquake
2019-12-03T05:00:00,-0.6035,172.0619,261.08,2.7,Mw,Japan Trench,earthquake
2017-11-22T06:00:00,-27.2039,118.6072,185.43,7.6,Mw,Turkey-Syria Border,earthquake
2018-12-17T23:00:00,-41.2368,-16.0431,284.24,4.4,Mw,Mexico,earthquake
2018-01-03T17:00:00,-5.0971,72.0206,72.51,4.6,Mw,Nepal,earthquake
2017-08-21T08:00:00,-9.6356,157.8992,188.77,7.8,Mw,Philippines,earthquake
2021-08-25T00:00:00,-42.2043,-103.847,328.1,7.0,Mw,"Hindu Kush region, Afghanistan",earthquake
2021-02-20T12:00:00,-9.4601,-45.2144,7.35,3.8,Mw,"Hindu Kush region, Afghanistan",earthquake
2022-04-27T08:00:00,-24.4452,144.1589,556.63,6.2,Mw,"Sumatra, Indonesia",earthquake
2015-01-28T09:00:00,-51.2146,-158.1734,122.28,8.1,Mw,Mexico,earthquake
2019-08-14T20:00:00,-31.3401,145.769,162.08,3.7,Mw,Iran,earthquake
2020-03-16T13:00:00,55.2728,135.4656,466.76,5.0,Mw,Turkey-Syria Border,earthquake
2021-05-22T08:00:00,-18.8945,-96.0992,399.09,5.8,Mw,Philippines,earthquake
2022-03-27T11:00:00,18.5137,-75.48,676.97,4.6,Mw,Mexico,earthquake
2018-07-20T23:00:00,25.1019,80.2344,185.15,4.7,Mw,Nepal,earthquake
2021-07-25T01:00:00,43.1238,125.7278,266.7,5.2,Mw,Japan Trench,earthquake
2023-02-23T22:00:00,-23.4097,-126.5197,76.16,3.6,Mw,"Hindu Kush region, Afghanistan",earthquake
2023-09-22T20:00:00,-12.9102,162.1521,174.49,7.2,Mw,"California, USA",earthquake
2023-11-04T10:00:00,-42.4077,-9.5873,636.58,5.9,Mw,Turkey-Syria Border,earthquake
2019-03-28T09:00:00,-31.0238,-26.2394,165.26,3.3,Mw,Japan Trench,earthquake
2015-01-02T09:00:00,29.3813,-17.6854,594.57,3.7,Mw,Mexico,earthquake
2016-03-19T06:00:00,34.3033,-73.6364,474.14,6.8,Mw,"Hindu Kush region, Afghanistan",earthquake
2015-07-21T15:00:00,11.3463,146.8727,506.02,3.4,Mw,Philippines,earthquake
2015-08-16T06:00:00,-42.3198,-104.2644,495.34,4.1,Mw,"California, USA",earthquake
2023-03-27T18:00:00,-35.2245,-35.3051,451.39,6.5,Mw,Japan Trench,earthquake
2024-10-31T05:00:00,23.2747,-46.5325,663.46,7.8,Mw,Nepal,earthquake
2023-11-13T14:00:00,59.4991,-87.3024,590.51,5.8,Mw,Nepal,earthquake
2018-04-08T09:00:00,47.4538,-19.8315,244.82,7.3,Mw,Near Coast of Chile,earthquake
2024-10-14T22:00:00,-47.6901,123.3595,342.53,5.3,Mw,"California, USA",earthquake
2024-02-14T00:00:00,25.465,-116.4876,358.44,4.9,Mw,Near Coast of Chile,earthquake
2016-11-18T16:00:00,26.0344,-99.3893,146.81,3.3,Mw,Japan Trench,earthquake
2022-06-17T21:00:00,20.8216,-150.0882,582.47,5.0,Mw,Japan Trench,earthquake
2016-03-21T23:00:00,-25.5737,88.7922,376.42,3.5,Mw,Philippines,earthquake
2018-12-15T23:00:00,53.2284,108.2034,646.63,4.2,Mw,Nepal,earthquake
2023-08-15T14:00:00,49.2752,-126.1511,492.64,7.0,Mw,Turkey-Syria Border,earthquake
2020-04-17T01:00:00,-5.3705,-126.5196,566.27,5.7,Mw,Nepal,earthquake
2017-08-10T08:00:00,7.9756,-21.333,324.28,4.7,Mw,Near Coast of Chile,earthquake
2018-12-11T14:00:00,-50.7039,13.4316,49.72,3.5,Mw,Mexico,earthquake
2015-05-26T11:00:00,-21.0411,11.032,445.29,7.3,Mw,Mexico,earthquake
2019-01-15T10:00:00,14.9999,-147.7032,91.95,2.6,Mw,Near Coast of Chile,earthquake
2023-02-19T20:00:00,-54.3475,-116.315,241.08,6.1,Mw,"Hindu Kush region, Afghanistan",earthquake
2018-01-18T07:00:00,0.9901,45.1488,613.28,6.3,Mw,Iran,earthquake
2016-04-23T18:00:00,-9.7864,93.189,469.68,3.3,Mw,Iran,earthquake
2024-05-19T05:00:00,47.3174,58.2233,155.2,6.7,Mw,"Sumatra, Indonesia",earthquake
2020-12-22T07:00:00,-8.7184,-60.9823,107.63,2.5,Mw,Near Coast of Chile,earthquake
2020-09-29T23:00:00,47.2577,154.3905,57.65,3.9,Mw,"Sumatra, Indonesia",earthquake
2021-03-09T13:00:00,-58.3507,4.9199,465.93,4.1,Mw,Philippines,earthquake
2021-10-09T11:00:00,49.3544,155.9765,153.0,4.7,Mw,"Sumatra, Indonesia",earthquake
2016-09-30T13:00:00,-47.0648,-12.5398,189.36,6.3,Mw,Near Coast of Chile,earthquake
2020-12-26T01:00:00,-17.0591,153.3245,310.7,4.3,Mw,Nepal,earthquake
2023-09-27T17:00:00,5.6199,-157.5984,324.7,7.6,Mw,Philippines,earthquake
2021-06-30T02:00:00,46.5202,-11.027,643.27,2.8,Mw,Nepal,earthquake
2022-08-16T05:00:00,35.871,-147.8229,629.78,4.6,Mw,Near Coast of Chile,earthquake
2020-08-25T07:00:00,14.7657,104.6031,197.41,5.2,Mw,Iran,earthquake
2024-12-03T09:00:00,23.8704,-110.8642,678.09,7.4,Mw,Philippines,earthquake
2022-03-16T12:00:00,18.5935,151.062,430.54,4.3,Mw,"Hindu Kush region, Afghanistan",earthquake
2018-05-25T11:00:00,-53.9233,45.9136,280.68,5.4,Mw,"Sumatra, Indonesia",earthquake
2016-02-05T17:00:00,37.3237,120.1169,606.17,7.2,Mw,Philippines,earthquake
2024-11-29T04:00:00,-46.5453,6.9018,301.2,4.4,Mw,Turkey-Syria Border,earthquake
2015-01-23T01:00:00,-9.4107,-162.411,394.26,2.6,Mw,"California, USA",earthquake
2018-07-28T19:00:00,-23.6084,127.475,666.09,4.4,Mw,"Hindu Kush region, Afghanistan",earthquake
2015-07-27T10:00:00,29.6078,-59.7542,629.48,3.7,Mw,Japan Trench,earthquake
2020-07-14T08:00:00,-34.9532,-128.0091,415.58,6.0,Mw,Japan Trench,earthquake
2016-08-16T04:00:00,-46.7617,117.9134,457.06,5.5,Mw,Mexico,earthquake
2023-10-23T19:00:00,29.3781,106.4623,117.8,7.9,Mw,"Sumatra, Indonesia",earthquake
2024-05-23T10:00:00,12.4453,87.8896,490.91,3.8,Mw,"Hindu Kush region, Afghanistan",earthquake
2017-03-30T17:00:00,-20.6589,-97.9732,555.64,3.8,Mw,Philippines,earthquake
2018-03-18T00:00:00,20.6484,-41.225,500.13,7.6,Mw,Japan Trench,earthquake
2019-11-11T18:00:00,11.0797,118.4553,50.01,6.4,Mw,"Sumatra, Indonesia",earthquake
2022-10-20T01:00:00,-57.7211,-68.9535,232.42,3.1,Mw,"Sumatra, Indonesia",earthquake
2017-05-04T05:00:00,-25.8614,-49.6879,123.04,2.6,Mw,Philippines,earthquake
2015-02-24T06:00:00,32.1446,74.9067,149.59,3.4,Mw,"Sumatra, Indonesia",earthquake
2017-12-08T14:00:00,-48.247,30.6389,597.35,5.9,Mw,Iran,earthquake
2017-07-03T08:00:00,-36.7587,70.1202,626.65,6.3,Mw,Mexico,earthquake
2017-06-17T17:00:00,20.528,-33.6084,62.83,2.7,Mw,"Sumatra, Indonesia",earthquake
2022-10-05T13:00:00,35.6955,-62.6338,444.72,4.0,Mw,Japan Trench,earthquake
2024-08-08T17:00:00,-19.0853,85.8362,409.78,3.0,Mw,"California, USA",earthquake
2024-05-28T06:00:00,-0.7606,-57.441,370.36,3.6,Mw,Japan Trench,earthquake
2023-01-06T05:00:00,5.8793,-143.811,303.84,8.2,Mw,"Hindu Kush region, Afghanistan",earthquake
2017-01-26T20:00:00,-5.2296,162.5383,624.14,4.4,Mw,"Sumatra, Indonesia",earthquake
2020-12-17T14:00:00,-34.6164,-168.8701,37.63,7.8,Mw,Nepal,earthquake
2019-03-26T15:00:00,47.3608,-83.6408,204.62,6.1,Mw,Philippines,earthquake
2020-04-23T07:00:00,23.993,117.2183,283.65,4.7,Mw,Japan Trench,earthquake
2021-08-21T10:00:00,13.1572,-142.761,635.6,3.8,Mw,Philippines,earthquake
2016-10-08T02:00:00,20.0715,9.7142,140.87,7.2,Mw,Philippines,earthquake
2024-06-29T12:00:00,4.1228,-44.2111,370.06,2.9,Mw,Mexico,earthquake
2021-02-24T06:00:00,9.8224,-139.9886,229.16,4.2,Mw,Nepal,earthquake
2015-07-13T21:00:00,-0.6385,-161.2189,64.05,3.4,Mw,Near Coast of Chile,earthquake
2015-02-26T09:00:00,-24.7283,-15.4066,474.26,7.2,Mw,"Sumatra, Indonesia",earthquake
2021-05-20T03:00:00,-47.788,17.005,104.04,6.8,Mw,"California, USA",earthquake
2020-09-08T06:00:00,-37.9835,-153.5621,303.56,5.1,Mw,Iran,earthquake
2017-01-21T19:00:00,-56.1773,172.3968,282.66,7.4,Mw,Japan Trench,earthquake
2021-05-16T22:00:00,-53.82,-127.5203,423.59,5.6,Mw,Mexico,earthquake
2023-07-31T07:00:00,44.7074,-83.772,206.21,8.2,Mw,Mexico,earthquake
2019-01-15T19:00:00,-15.2663,-58.8814,602.69,3.9,Mw,Mexico,earthquake
2018-07-16T18:00:00,19.342,6.0991,594.82,2.7,Mw,Philippines,earthquake
2019-03-05T11:00:00,-47.7254,114.3911,28.25,7.7,Mw,Japan Trench,earthquake
2017-03-10T05:00:00,24.4259,127.4611,487.3,6.9,Mw,Mexico,earthquake
2017-11-18T09:00:00,50.3193,-41.7918,286.34,3.6,Mw,"California, USA",earthquake
2015-04-06T03:00:00,14.1313,-10.358,631.43,6.6,Mw,Japan Trench,earthquake
2016-07-18T10:00:00,-31.6732,37.7066,93.12,4.9,Mw,"Sumatra, Indonesia",earthquake
2023-03-20T09:00:00,4.1703,-155.936,30.01,2.9,Mw,Japan Trench,earthquake
2021-11-29T18:00:00,-11.39,149.6243,305.73,5.3,Mw,Near Coast of Chile,earthquake
2016-07-03T22:00:00,38.1506,53.3018,17.29,4.5,Mw,Near Coast of Chile,earthquake
2015-02-08T15:00:00,58.6215,-163.8917,480.17,6.7,Mw,"California, USA",earthquake
2020-08-24T05:00:00,-35.7753,-125.8017,502.35,5.6,Mw,"Sumatra, Indonesia",earthquake
2019-11-07T21:00:00,56.6533,-168.7164,575.24,5.0,Mw,Philippines,earthquake
2022-03-09T09:00:00,-8.8063,-154.7261,4.98,7.8,Mw,Turkey-Syria Border,earthquake
2020-08-05T02:00:00,52.9545,-153.5394,467.69,2.6,Mw,Philippines,earthquake
2015-09-16T23:00:00,40.6746,117.8591,569.26,4.5,Mw,Mexico,earthquake
2024-09-08T02:00:00,-54.0017,-112.507,337.93,3.4,Mw,Iran,earthquake
2020-10-03T11:00:00,38.129,64.8995,518.82,4.7,Mw,Near Coast of Chile,earthquake
2019-07-19T16:00:00,49.3821,133.4212,564.19,6.5,Mw,Mexico,earthquake
2015-03-06T11:00:00,-3.9473,119.8571,244.48,3.4,Mw,"Sumatra, Indonesia",earthquake
2023-09-30T02:00:00,-5.8243,-109.5432,427.55,4.6,Mw,Japan Trench,earthquake
2015-03-11T21:00:00,-20.5952,-83.9334,351.45,5.9,Mw,"California, USA",earthquake
2015-08-24T18:00:00,32.7208,54.6085,637.52,6.6,Mw,"Sumatra, Indonesia",earthquake
2015-11-22T10:00:00,42.3119,-165.1525,660.32,7.1,Mw,"Sumatra, Indonesia",earthquake
2020-05-24T08:00:00,37.3128,-94.2626,54.69,5.8,Mw,Mexico,earthquake
2019-01-27T05:00:00,-3.4985,-85.5636,424.42,4.9,Mw,Turkey-Syria Border,earthquake
2023-06-14T04:00:00,-55.0392,146.8584,447.38,4.0,Mw,"California, USA",earthquake
2015-05-11T05:00:00,57.0899,106.6536,527.94,7.1,Mw,"Hindu Kush region, Afghanistan",earthquake
2017-07-23T13:00:00,40.4648,-65.5428,550.65,2.7,Mw,Nepal,earthquake
2017-10-21T22:00:00,-20.4729,-127.3129,346.69,5.0,Mw,"Hindu Kush region, Afghanistan",earthquake
2015-09-29T02:00:00,-52.0022,-120.5761,319.42,4.3,Mw,Nepal,earthquake
2018-04-01T16:00:00,-36.3906,-78.4063,265.87,8.1,Mw,Nepal,earthquake
2021-03-03T04:00:00,19.5404,162.6378,311.98,5.5,Mw,Nepal,earthquake
2020-09-08T04:00:00,-31.456,-116.9839,371.73,5.7,Mw,"California, USA",earthquake
2019-09-30T18:00:00,-51.1952,92.5036,697.75,4.1,Mw,"California, USA",earthquake
2020-09-21T19:00:00,56.3489,83.9035,416.75,2.8,Mw,Japan Trench,earthquake
2016-06-20T05:00:00,-5.5969,178.1077,598.11,8.1,Mw,"California, USA",earthquake
2016-04-21T18:00:00,-49.8446,-8.7182,339.17,4.2,Mw,Japan Trench,earthquake
2024-04-03T07:00:00,47.0932,161.5915,179.89,5.3,Mw,"California, USA",earthquake
2022-01-27T06:00:00,32.2273,-160.7913,7.89,2.6,Mw,Iran,earthquake
2015-10-13T10:00:00,40.0934,-166.8962,329.15,7.0,Mw,Turkey-Syria Border,earthquake
2023-12-22T08:00:00,48.8688,-162.0062,679.81,6.2,Mw,Iran,earthquake
2019-07-02T00:00:00,-55.5257,26.7147,431.18,6.1,Mw,Iran,earthquake
2018-12-02T17:00:00,11.8546,156.3994,187.38,4.8,Mw,Mexico,earthquake
2020-01-25T03:00:00,8.2003,-172.328,90.8,5.0,Mw,Japan Trench,earthquake
2019-02-23T06:00:00,33.8832,-45.2908,454.51,6.0,Mw,Iran,earthquake
2020-12-06T12:00:00,-51.9532,-2.544,482.2,3.9,Mw,"Sumatra, Indonesia",earthquake
2021-01-19T03:00:00,-8.5927,20.0998,622.31,3.3,Mw,Japan Trench,earthquake
2018-09-08T19:00:00,50.6136,-5.4387,240.12,4.5,Mw,"California, USA",earthquake
2022-01-31T21:00:00,-42.8182,-171.8522,200.64,6.6,Mw,Philippines,earthquake
2020-10-25T07:00:00,12.0033,-126.7641,240.91,6.6,Mw,"California, USA",earthquake
2023-03-02T08:00:00,1.5306,-85.4186,517.8,2.5,Mw,Japan Trench,earthquake
2017-09-10T23:00:00,15.4217,81.2483,266.78,4.6,Mw,Near Coast of Chile,earthquake
2020-06-15T12:00:00,12.1079,103.8628,340.46,7.3,Mw,Japan Trench,earthquake
2023-04-04T03:00:00,-47.834,-14.4625,645.98,3.7,Mw,"Sumatra, Indonesia",earthquake
2022-03-12T23:00:00,-8.8649,-51.0632,46.04,5.1,Mw,"Sumatra, Indonesia",earthquake
2018-01-30T15:00:00,-50.1052,-49.7567,509.14,2.5,Mw,"Hindu Kush region, Afghanistan",earthquake
2016-03-20T10:00:00,-1.1478,34.3551,331.54,4.9,Mw,Near Coast of Chile,earthquake
2019-06-03T08:00:00,-37.3235,-145.055,257.35,4.4,Mw,Iran,earthquake
2019-03-07T19:00:00,24.2562,56.6608,167.19,7.1,Mw,Iran,earthquake
2017-12-07T18:00:00,-5.0966,162.3337,147.85,6.2,Mw,"Hindu Kush region, Afghanistan",earthquake
2022-10-14T22:00:00,14.0435,-119.8756,94.17,4.5,Mw,Mexico,earthquake
2023-01-18T12:00:00,39.8592,-70.0747,6.78,5.6,Mw,"California, USA",earthquake
2018-07-13T10:00:00,13.874,-127.0021,112.08,6.7,Mw,"Hindu Kush region, Afghanistan",earthquake
2021-11-24T20:00:00,-7.3514,30.235,429.31,3.8,Mw,"Hindu Kush region, Afghanistan",earthquake
2020-07-06T23:00:00,17.923,24.1831,162.62,7.4,Mw,Japan Trench,earthquake
2017-12-31T02:00:00,56.8197,36.6045,91.64,7.9,Mw,"California, USA",earthquake
2021-01-01T08:00:00,-57.2178,71.1292,385.74,5.5,Mw,Near Coast of Chile,earthquake
2023-10-08T04:00:00,28.0375,-103.4513,191.6,3.9,Mw,Nepal,earthquake
2020-09-24T08:00:00,25.2554,73.9016,209.55,6.2,Mw,Mexico,earthquake
2018-04-19T23:00:00,-31.6288,67.1248,126.46,6.0,Mw,"Hindu Kush region, Afghanistan",earthquake
2022-09-17T16:00:00,-46.0327,126.7414,73.9,6.3,Mw,Philippines,earthquake
2021-10-13T20:00:00,-41.1022,-170.6167,397.99,5.4,Mw,Iran,earthquake
2019-01-15T09:00:00,-24.7344,-61.3799,534.61,4.7,Mw,Philippines,earthquake
2016-01-13T02:00:00,-41.881,-126.2945,673.73,5.5,Mw,Japan Trench,earthquake
2024-05-22T11:00:00,52.6484,82.1267,699.73,3.3,Mw,"Sumatra, Indonesia",earthquake
2017-04-03T11:00:00,-2.2732,-30.1451,94.5,3.3,Mw,Iran,earthquake
2021-12-29T06:00:00,41.3549,138.2785,59.75,2.9,Mw,Nepal,earthquake
2015-09-05T14:00:00,-6.8247,148.0081,432.01,4.9,Mw,Mexico,earthquake
2024-09-05T16:00:00,-8.5738,-107.8714,411.89,2.8,Mw,Nepal,earthquake
2016-12-25T11:00:00,-58.6939,34.7552,562.98,4.5,Mw,Iran,earthquake
2016-02-10T15:00:00,43.2997,-48.3653,520.27,6.2,Mw,Philippines,earthquake
2024-04-06T14:00:00,38.483,72.5902,181.46,4.1,Mw,"Sumatra, Indonesia",earthquake
2017-08-09T12:00:00,26.5273,-3.1744,417.29,6.7,Mw,Philippines,earthquake
2019-08-20T06:00:00,16.8876,-65.4641,215.3,6.5,Mw,Turkey-Syria Border,earthquake
2022-02-04T10:00:00,53.4082,158.239,539.09,7.8,Mw,Mexico,earthquake
2019-08-15T02:00:00,5.2828,-146.6596,431.56,4.9,Mw,Near Coast of Chile,earthquake
2018-02-21T05:00:00,-3.928,105.8884,365.29,8.1,Mw,"Sumatra, Indonesia",earthquake
2019-05-04T00:00:00,-26.4505,-127.7529,125.35,2.9,Mw,"California, USA",earthquake
2021-11-21T22:00:00,53.4827,118.0106,81.62,6.1,Mw,Turkey-Syria Border,earthquake
2019-11-22T21:00:00,46.5347,-4.136,217.3,6.2,Mw,Japan Trench,earthquake
2015-04-13T20:00:00,-33.2279,-80.5039,171.21,4.5,Mw,Mexico,earthquake
2021-12-31T00:00:00,-26.2094,13.1238,229.97,4.1,Mw,"California, USA",earthquake
2022-12-05T06:00:00,-27.7893,-142.5547,443.57,4.4,Mw,"Hindu Kush region, Afghanistan",earthquake
2019-10-11T07:00:00,51.0619,-16.1203,645.88,2.7,Mw,"California, USA",earthquake
2020-10-09T22:00:00,-54.2635,99.1782,311.69,3.9,Mw,Philippines,earthquake
2021-01-19T06:00:00,58.7001,-148.1305,293.16,8.0,Mw,Philippines,earthquake
2018-04-13T23:00:00,-32.4228,-85.2187,149.97,5.7,Mw,Iran,earthquake
2021-11-25T15:00:00,-0.5089,62.8116,255.44,7.7,Mw,"Sumatra, Indonesia",earthquake
2024-07-31T11:00:00,36.1328,-94.0751,79.77,3.9,Mw,Near Coast of Chile,earthquake
2018-09-14T21:00:00,17.1991,-171.3044,550.23,5.6,Mw,Turkey-Syria Border,earthquake
2022-09-11T15:00:00,-43.7258,-22.4156,595.71,7.5,Mw,Turkey-Syria Border,earthquake
2019-01-08T00:00:00,30.7221,47.8749,641.92,6.8,Mw,Mexico,earthquake
2023-07-07T09:00:00,-10.6422,29.1004,328.53,7.2,Mw,Near Coast of Chile,earthquake
2020-06-23T17:00:00,-45.4222,-109.4942,18.37,6.7,Mw,Near Coast of Chile,earthquake
2018-05-01T22:00:00,15.2642,132.7981,214.98,4.1,Mw,Turkey-Syria Border,earthquake
2021-08-09T08:00:00,41.3177,50.2825,209.89,5.5,Mw,Mexico,earthquake
2016-04-01T21:00:00,-2.1254,-142.642,514.02,2.9,Mw,Nepal,earthquake
2018-05-05T03:00:00,42.0799,43.8125,272.73,5.4,Mw,"Hindu Kush region, Afghanistan",earthquake
2019-04-12T03:00:00,-7.463,137.368,235.52,2.6,Mw,"Hindu Kush region, Afghanistan",earthquake
2021-08-20T23:00:00,43.8207,105.2101,306.43,6.2,Mw,"Hindu Kush region, Afghanistan",earthquake
2024-02-10T13:00:00,-21.2065,-153.2432,194.05,2.8,Mw,"Hindu Kush region, Afghanistan",earthquake
2024-05-02T21:00:00,-55.7265,-101.8047,661.9,7.6,Mw,Iran,earthquake
2018-09-09T18:00:00,46.858,-127.9806,425.07,2.9,Mw,"Hindu Kush region, Afghanistan",earthquake
2022-03-19T06:00:00,-50.3543,105.2579,261.47,7.0,Mw,Nepal,earthquake
2015-11-24T17:00:00,-18.2202,126.3544,477.51,7.8,Mw,Turkey-Syria Border,earthquake
2018-04-11T14:00:00,21.4018,-89.2095,317.38,7.6,Mw,Turkey-Syria Border,earthquake
2024-08-25T04:00:00,9.433,-140.4945,185.6,4.9,Mw,"California, USA",earthquake
2023-09-02T01:00:00,51.3257,113.1699,465.01,6.4,Mw,Turkey-Syria Border,earthquake
2017-04-02T12:00:00,-42.4413,35.7276,579.62,6.6,Mw,"California, USA",earthquake
2016-04-04T21:00:00,1.1084,174.6166,658.87,2.9,Mw,Iran,earthquake
2019-12-12T05:00:00,-6.8475,-106.2128,279.03,7.2,Mw,Philippines,earthquake
2022-08-14T13:00:00,46.3626,36.776,666.81,4.8,Mw,"California, USA",earthquake
2022-04-11T13:00:00,44.9007,-20.3094,439.51,3.3,Mw,Near Coast of Chile,earthquake
2019-01-24T11:00:00,22.9753,53.0305,639.24,8.0,Mw,Philippines,earthquake
2016-11-16T23:00:00,-52.2978,-169.0203,117.9,6.8,Mw,Near Coast of Chile,earthquake
2021-06-20T09:00:00,-25.3577,121.0309,411.57,2.8,Mw,"California, USA",earthquake
2018-03-30T11:00:00,47.5374,-78.6808,80.35,5.8,Mw,"Sumatra, Indonesia",earthquake
2016-06-08T04:00:00,48.3389,25.7671,69.17,3.3,Mw,Iran,earthquake
2019-08-08T17:00:00,-13.0516,105.4533,586.56,3.4,Mw,Iran,earthquake
2017-09-02T17:00:00,-7.1357,124.9584,353.25,6.3,Mw,"California, USA",earthquake
2015-01-13T23:00:00,13.6258,-127.7584,654.29,4.8,Mw,Nepal,earthquake
2015-06-06T02:00:00,27.823,85.9412,169.46,2.7,Mw,"Hindu Kush region, Afghanistan",earthquake
2021-01-05T10:00:00,39.5518,109.1812,591.98,5.5,Mw,Iran,earthquake
2019-11-01T00:00:00,2.1924,-109.3242,151.23,5.0,Mw,Japan Trench,earthquake
2018-05-10T05:00:00,8.5171,-169.0195,471.03,4.7,Mw,Turkey-Syria Border,earthquake
2023-07-28T01:00:00,-51.0849,-1.1078,62.51,6.0,Mw,Philippines,earthquake
2020-11-18T00:00:00,8.3108,-36.2639,31.64,4.6,Mw,Turkey-Syria Border,earthquake
2019-11-03T13:00:00,2.8865,147.2097,173.81,3.1,Mw,Near Coast of Chile,earthquake
2018-04-08T03:00:00,-41.7225,-29.5683,7.02,3.6,Mw,Turkey-Syria Border,earthquake
2016-07-05T21:00:00,52.2634,-89.3828,246.69,2.6,Mw,Near Coast of Chile,earthquake
2015-02-28T23:00:00,-53.8187,125.8698,600.59,6.7,Mw,Near Coast of Chile,earthquake
2024-10-13T00:00:00,59.3439,138.0962,488.88,5.6,Mw,Near Coast of Chile,earthquake
2022-04-12T23:00:00,43.7762,-95.4183,600.2,8.1,Mw,Iran,earthquake
2016-08-19T21:00:00,-40.8139,4.7466,339.63,2.8,Mw,Japan Trench,earthquake
2023-07-25T04:00:00,53.8338,-136.4036,112.68,4.7,Mw,Near Coast of Chile,earthquake
2023-11-07T03:00:00,-53.4155,167.9218,534.89,5.6,Mw,Iran,earthquake
2017-12-24T10:00:00,5.8984,-154.2488,666.72,4.2,Mw,Philippines,earthquake
2018-05-21T09:00:00,7.009,30.6462,498.76,6.7,Mw,Japan Trench,earthquake
2024-05-28T16:00:00,-45.8475,-100.5432,90.1,6.7,Mw,"Hindu Kush region, Afghanistan",earthquake
2023-11-24T20:00:00,-27.9752,86.0105,427.99,7.8,Mw,"Hindu Kush region, Afghanistan",earthquake
2022-12-18T08:00:00,18.6734,-175.7382,544.84,5.7,Mw,Mexico,earthquake
2021-06-01T18:00:00,-57.8773,-21.8529,185.5,3.2,Mw,"California, USA",earthquake
2019-05-31T14:00:00,5.8228,40.9405,574.05,7.9,Mw,Nepal,earthquake
2015-07-01T23:00:00,58.3242,79.2583,23.16,7.2,Mw,Japan Trench,earthquake
2019-01-29T20:00:00,32.6566,102.797,82.95,6.4,Mw,Nepal,earthquake
2020-08-15T00:00:00,-37.2335,-29.0467,358.17,6.2,Mw,"Sumatra, Indonesia",earthquake
2021-02-21T14:00:00,23.7697,-27.3597,696.17,2.7,Mw,Near Coast of Chile,earthquake
2024-05-28T14:00:00,17.914,-9.3973,682.29,4.0,Mw,"California, USA",earthquake
2023-07-14T23:00:00,-43.261,-65.814,403.34,4.9,Mw,Mexico,earthquake
2021-11-01T10:00:00,-34.892,-30.505,677.36,2.6,Mw,Nepal,earthquake
2015-05-22T15:00:00,-28.8825,42.0268,355.99,5.0,Mw,Near Coast of Chile,earthquake
2016-11-29T15:00:00,-1.3509,175.6292,93.91,4.6,Mw,"California, USA",earthquake
2019-11-28T13:00:00,-14.9082,-164.4994,40.84,3.5,Mw,Japan Trench,earthquake
2018-07-09T23:00:00,38.3087,-177.1864,73.21,7.2,Mw,Japan Trench,earthquake
2016-10-23T16:00:00,-18.939,18.5359,272.53,6.6,Mw,Iran,earthquake
2021-05-19T01:00:00,-20.4785,141.1227,675.83,4.7,Mw,Nepal,earthquake
2023-10-14T16:00:00,57.4619,20.2794,677.27,5.5,Mw,"Sumatra, Indonesia",earthquake
2020-02-09T00:00:00,-59.0797,96.0416,486.06,7.7,Mw,Iran,earthquake
2022-02-12T15:00:00,-22.0932,-71.9443,235.45,7.3,Mw,"Hindu Kush region, Afghanistan",earthquake
2021-05-04T00:00:00,50.2604,92.8081,208.47,7.1,Mw,"California, USA",earthquake
2021-12-09T16:00:00,-27.8067,-27.5436,154.08,7.4,Mw,"California, USA",earthquake
2024-06-15T11:00:00,-7.8819,63.3559,333.63,4.2,Mw,Mexico,earthquake
2022-04-07T22:00:00,-17.3285,128.7993,508.27,2.9,Mw,Philippines,earthquake
2024-08-16T17:00:00,-42.2086,161.7374,151.18,6.3,Mw,Nepal,earthquake
2022-01-05T05:00:00,-54.7107,9.8942,662.4,6.5,Mw,Near Coast of Chile,earthquake
2020-05-12T18:00:00,-9.0998,-61.2778,70.93,3.0,Mw,"Hindu Kush region, Afghanistan",earthquake
2024-01-25T21:00:00,-10.8647,146.8244,125.44,5.5,Mw,"California, USA",earthquake
2016-09-07T12:00:00,3.736,149.9616,507.4,3.0,Mw,Turkey-Syria Border,earthquake
2020-02-21T00:00:00,-53.8407,-179.9041,169.31,4.2,Mw,Near Coast of Chile,earthquake
2020-01-28T21:00:00,-5.5958,-143.0463,667.98,7.9,Mw,Turkey-Syria Border,earthquake
2022-09-10T10:00:00,-29.9024,155.8252,215.27,7.1,Mw,Japan Trench,earthquake
2015-04-19T02:00:00,-57.9851,-112.6512,220.65,5.8,Mw,Japan Trench,earthquake
2018-04-20T10:00:00,1.4925,43.6474,679.55,6.3,Mw,Mexico,earthquake
2024-12-17T01:00:00,-11.6112,157.7239,135.06,4.1,Mw,"Hindu Kush region, Afghanistan",earthquake
2023-12-16T03:00:00,24.7353,-132.5288,412.84,3.3,Mw,"California, USA",earthquake
2019-05-28T09:00:00,22.7543,-148.432,255.03,7.8,Mw,Mexico,earthquake
2018-03-04T20:00:00,59.4499,167.9709,601.98,4.8,Mw,Philippines,earthquake
2017-05-12T03:00:00,-42.9218,70.1259,338.54,6.4,Mw,Nepal,earthquake
2020-03-14T08:00:00,-1.8668,-179.1878,59.08,7.7,Mw,Nepal,earthquake
2021-03-29T00:00:00,29.4167,62.2889,167.31,4.4,Mw,Nepal,earthquake
2023-07-03T10:00:00,-18.7176,172.5635,317.37,5.3,Mw,Philippines,earthquake
2022-12-29T21:00:00,-43.722,84.5186,307.2,3.1,Mw,"California, USA",earthquake
2022-12-11T23:00:00,-25.5283,151.4418,533.81,4.5,Mw,Turkey-Syria Border,earthquake
2018-01-14T07:00:00,44.1517,51.3532,643.77,6.8,Mw,Philippines,earthquake
2022-01-12T16:00:00,7.6454,152.9903,686.6,5.5,Mw,"California, USA",earthquake
2017-05-22T08:00:00,-49.6263,148.561,491.4,5.0,Mw,Philippines,earthquake
2023-08-20T07:00:00,-19.1584,174.5774,307.83,7.3,Mw,Iran,earthquake
2020-09-10T15:00:00,-55.2736,-167.5578,442.3,6.9,Mw,Turkey-Syria Border,earthquake
2015-08-12T17:00:00,-2.0227,-158.1382,218.24,7.2,Mw,"Hindu Kush region, Afghanistan",earthquake
2018-08-19T17:00:00,34.2633,-111.7281,39.4,7.2,Mw,Mexico,earthquake
2016-11-06T00:00:00,15.6891,-91.592,132.36,6.2,Mw,"Hindu Kush region, Afghanistan",earthquake
2023-10-26T12:00:00,7.6047,-56.1846,217.16,8.1,Mw,"California, USA",earthquake
2018-04-20T11:00:00,58.5962,127.3369,373.49,3.4,Mw,Philippines,earthquake
2023-12-15T11:00:00,-33.984,-51.2764,16.99,5.1,Mw,Nepal,earthquake
2024-07-08T14:00:00,24.2381,155.4827,241.58,6.3,Mw,Turkey-Syria Border,earthquake
2021-07-01T05:00:00,40.5536,162.7391,578.2,3.9,Mw,Philippines,earthquake
2022-01-29T18:00:00,-5.3168,-19.1044,289.26,4.9,Mw,Near Coast of Chile,earthquake
2017-07-28T16:00:00,-11.4775,161.0963,35.59,7.8,Mw,Philippines,earthquake
2023-12-18T01:00:00,51.8363,-124.708,460.5,6.0,Mw,Japan Trench,earthquake
2015-02-01T01:00:00,-12.2826,97.3921,459.07,7.2,Mw,Mexico,earthquake
2024-01-25T23:00:00,-41.355,-23.1592,521.06,5.5,Mw,Philippines,earthquake
2021-08-02T12:00:00,-11.9558,-104.0395,251.39,6.5,Mw,Mexico,earthquake
2015-12-13T02:00:00,42.0513,-106.5262,67.81,8.0,Mw,Philippines,earthquake
2021-01-13T09:00:00,-19.2758,78.8851,554.67,3.4,Mw,Japan Trench,earthquake
2021-11-13T18:00:00,45.2861,44.2663,536.27,7.9,Mw,Japan Trench,earthquake
2016-05-14T13:00:00,-11.6493,-119.2745,603.92,8.0,Mw,Japan Trench,earthquake
2015-03-04T02:00:00,24.578,111.3444,135.32,4.4,Mw,Iran,earthquake
2015-04-09T15:00:00,37.5113,56.7185,176.11,3.0,Mw,Iran,earthquake
2022-01-07T18:00:00,-41.3606,56.3541,333.53,2.9,Mw,Philippines,earthquake
2023-02-21T19:00:00,-52.1222,129.2989,535.26,3.9,Mw,Iran,earthquake
2024-04-30T15:00:00,-10.2207,-126.5572,117.71,6.3,Mw,Iran,earthquake
2015-07-30T14:00:00,53.2778,166.5644,658.06,6.0,Mw,"Sumatra, Indonesia",earthquake
2022-07-31T19:00:00,-48.2274,-14.503,287.66,6.6,Mw,Nepal,earthquake
2019-03-03T00:00:00,-13.5597,13.4501,606.16,3.4,Mw,"California, USA",earthquake
2017-12-26T17:00:00,-39.5073,108.3052,36.06,6.8,Mw,Iran,earthquake
2024-08-02T16:00:00,23.0542,24.4187,152.71,6.7,Mw,"Hindu Kush region, Afghanistan",earthquake
2022-06-17T10:00:00,-7.0527,-3.3677,141.1,5.8,Mw,"Sumatra, Indonesia",earthquake
2019-02-08T09:00:00,18.5552,91.5225,97.53,3.6,Mw,Turkey-Syria Border,earthquake
2018-05-25T00:00:00,-20.4519,118.1841,131.64,4.6,Mw,Mexico,earthquake
2017-12-01T10:00:00,49.5437,-11.8196,349.03,4.0,Mw,"California, USA",earthquake
2021-09-05T03:00:00,44.2312,149.1442,611.62,4.9,Mw,Mexico,earthquake
2018-06-08T14:00:00,-17.9148,-21.0595,425.44,6.8,Mw,"Sumatra, Indonesia",earthquake
2019-01-17T10:00:00,-57.5478,-54.7121,40.57,6.0,Mw,Japan Trench,earthquake
2022-11-06T02:00:00,54.0747,111.1644,35.55,4.2,Mw,"Hindu Kush region, Afghanistan",earthquake
2020-12-31T04:00:00,-46.8959,56.6793,107.01,8.1,Mw,Mexico,earthquake
2021-05-12T01:00:00,9.9505,20.4837,667.34,2.7,Mw,Near Coast of Chile,earthquake
2020-12-11T04:00:00,32.4467,-103.5394,184.0,3.3,Mw,Turkey-Syria Border,earthquake
2024-02-03T14:00:00,16.6431,-32.9789,258.18,6.3,Mw,Near Coast of Chile,earthquake
2021-04-30T10:00:00,34.8044,-45.4451,657.05,7.1,Mw,"California, USA",earthquake
2018-05-14T23:00:00,-0.6572,-150.7156,399.88,7.2,Mw,"Hindu Kush region, Afghanistan",earthquake
2019-01-31T06:00:00,-22.9703,36.5091,346.05,2.5,Mw,Near Coast of Chile,earthquake
2023-10-26T01:00:00,-2.8859,-171.4841,430.47,4.2,Mw,"California, USA",earthquake
2018-04-25T04:00:00,4.326,166.341,313.34,3.5,Mw,Turkey-Syria Border,earthquake
2015-10-28T11:00:00,34.6665,-176.1068,6.72,2.8,Mw,Japan Trench,earthquake
2020-04-24T11:00:00,-31.6794,4.7632,94.49,5.0,Mw,Iran,earthquake
2021-10-22T15:00:00,42.0602,16.6663,292.27,3.1,Mw,"California, USA",earthquake
2022-09-21T10:00:00,-42.4842,-126.6773,210.46,5.1,Mw,Mexico,earthquake
2017-11-07T17:00:00,32.3097,-138.5217,372.88,5.0,Mw,Iran,earthquake
2021-06-02T20:00:00,-55.3482,-125.8974,505.04,5.3,Mw,Philippines,earthquake
2018-10-30T10:00:00,-32.4524,-102.6696,314.89,3.7,Mw,Japan Trench,earthquake
2020-09-22T02:00:00,26.4537,-175.3164,421.91,4.9,Mw,Philippines,earthquake
2018-06-30T12:00:00,-48.2262,-55.8212,473.51,7.1,Mw,Nepal,earthquake
2015-05-10T20:00:00,-27.0554,134.6596,648.97,4.7,Mw,"Hindu Kush region, Afghanistan",earthquake
2016-03-30T23:00:00,-34.4192,-94.6756,44.57,4.8,Mw,"Hindu Kush region, Afghanistan",earthquake
2023-07-28T09:00:00,45.6285,-153.5917,614.29,5.3,Mw,Mexico,earthquake
2024-07-15T04:00:00,49.3011,-23.6244,95.69,7.9,Mw,Japan Trench,earthquake
2023-04-06T17:00:00,-47.4762,47.1411,677.69,6.1,Mw,Turkey-Syria Border,earthquake
2015-11-18T14:00:00,-12.5617,-106.0212,530.86,5.0,Mw,"Sumatra, Indonesia",earthquake
2019-04-07T08:00:00,13.132,72.5596,299.56,6.9,Mw,"California, USA",earthquake
2019-07-18T21:00:00,43.4489,108.4729,531.45,7.7,Mw,Japan Trench,earthquake
2016-08-06T03:00:00,-3.8461,6.1791,75.97,3.5,Mw,"California, USA",earthquake
2016-07-27T02:00:00,-40.3282,147.6786,481.85,2.8,Mw,Nepal,earthquake
2023-02-14T07:00:00,17.5265,-84.85,103.47,3.4,Mw,Nepal,earthquake
2020-11-26T13:00:00,-28.9701,-85.2516,276.69,3.8,Mw,Iran,earthquake
2022-05-01T09:00:00,-14.2524,-137.5816,528.04,7.5,Mw,Turkey-Syria Border,earthquake
2020-04-01T20:00:00,29.6174,135.8466,162.87,7.1,Mw,Philippines,earthquake
2017-10-11T08:00:00,-43.2198,118.919,227.8,6.7,Mw,Philippines,earthquake
2023-12-26T18:00:00,-37.0007,-98.7868,209.13,3.5,Mw,Japan Trench,earthquake
2023-09-16T07:00:00,-39.8996,-144.9791,514.3,3.5,Mw,Near Coast of Chile,earthquake
2019-07-06T17:00:00,-46.4346,74.5671,200.6,7.5,Mw,"Sumatra, Indonesia",earthquake
2023-06-12T14:00:00,44.7873,-73.0256,284.69,3.9,Mw,Japan Trench,earthquake
2021-02-14T20:00:00,25.4377,-168.1947,512.61,4.7,Mw,Turkey-Syria Border,earthquake
2016-02-04T22:00:00,36.5968,-14.3771,43.97,7.8,Mw,Philippines,earthquake
2019-08-22T07:00:00,-9.9324,-59.5095,17.28,4.4,Mw,"Sumatra, Indonesia",earthquake
2015-08-03T06:00:00,-32.1845,-129.6889,382.67,7.8,Mw,Turkey-Syria Border,earthquake
2024-08-11T18:00:00,-42.7925,-96.2605,246.2,4.8,Mw,"California, USA",earthquake
2024-01-09T02:00:00,6.6692,-116.9772,141.18,5.3,Mw,Mexico,earthquake
2020-09-18T02:00:00,12.6226,-113.2755,192.66,6.5,Mw,Mexico,earthquake
2020-05-02T21:00:00,47.4597,-82.5784,235.87,3.6,Mw,Turkey-Syria Border,earthquake
2019-04-16T17:00:00,48.9365,-123.3639,337.4,7.2,Mw,Near Coast of Chile,earthquake
2021-05-03T11:00:00,-7.3523,-32.258,499.3,5.2,Mw,Turkey-Syria Border,earthquake
2015-04-18T12:00:00,3.5694,-8.6623,237.82,6.6,Mw,Philippines,earthquake
2022-02-16T03:00:00,27.7685,110.0532,10.26,5.2,Mw,"Hindu Kush region, Afghanistan",earthquake
2019-12-30T16:00:00,24.3978,87.6394,8.88,4.5,Mw,"Hindu Kush region, Afghanistan",earthquake
2021-10-15T00:00:00,-36.0044,-160.1617,151.31,4.5,Mw,"California, USA",earthquake
2020-01-26T12:00:00,5.5901,-25.6029,500.21,3.6,Mw,Turkey-Syria Border,earthquake
2024-11-24T11:00:00,55.3904,-152.8517,71.37,7.1,Mw,Iran,earthquake
2016-11-06T20:00:00,10.0889,124.2287,585.39,4.9,Mw,Philippines,earthquake
2020-01-09T20:00:00,24.0142,-165.829,673.23,5.6,Mw,Japan Trench,earthquake
2021-02-12T10:00:00,5.7203,-111.2017,666.41,4.8,Mw,Iran,earthquake
2021-09-08T01:00:00,-31.4076,19.9539,93.33,3.5,Mw,Japan Trench,earthquake
2016-04-16T09:00:00,-11.3315,-19.2352,485.68,5.0,Mw,"Sumatra, Indonesia",earthquake
2018-01-03T16:00:00,-58.1034,-112.0249,29.6,4.5,Mw,Japan Trench,earthquake
2017-03-21T21:00:00,55.0747,105.9112,373.74,5.3,Mw,"Sumatra, Indonesia",earthquake
2019-02-04T15:00:00,13.0635,-140.4926,259.17,4.2,Mw,"Hindu Kush region, Afghanistan",earthquake
2019-06-12T03:00:00,46.9095,132.855,437.34,3.3,Mw,Iran,earthquake
2018-09-03T14:00:00,-23.9212,-107.7311,696.82,4.2,Mw,Iran,earthquake
2015-06-20T06:00:00,-39.2248,-74.9361,391.92,5.6,Mw,Mexico,earthquake
2022-07-12T04:00:00,-42.3468,-120.9566,235.61,5.8,Mw,Philippines,earthquake
2015-03-07T02:00:00,-48.5598,-51.7864,140.47,3.3,Mw,"California, USA",earthquake
2017-07-06T15:00:00,47.0033,-71.7739,618.54,5.7,Mw,Japan Trench,earthquake
2020-08-04T03:00:00,1.8813,-58.0396,294.68,7.8,Mw,"California, USA",earthquake
2020-07-02T02:00:00,17.1973,174.9592,515.56,7.4,Mw,Japan Trench,earthquake
2016-02-22T03:00:00,-30.1722,-22.8921,664.14,6.2,Mw,Iran,earthquake
2019-05-27T23:00:00,44.8902,-94.2154,77.7,5.8,Mw,Near Coast of Chile,earthquake
2023-11-19T05:00:00,-34.6863,64.7465,63.95,7.0,Mw,Iran,earthquake
2024-09-07T14:00:00,14.8172,-85.1692,684.01,6.5,Mw,Turkey-Syria Border,earthquake
2018-10-10T15:00:00,-7.5215,29.6163,111.16,3.5,Mw,Iran,earthquake
2015-03-26T23:00:00,-32.2454,-87.1144,485.3,4.9,Mw,Turkey-Syria Border,earthquake
2015-04-04T10:00:00,-18.3738,103.0879,200.69,2.8,Mw,"Sumatra, Indonesia",earthquake
2021-07-28T12:00:00,-11.2398,54.9173,272.3,4.0,Mw,Philippines,earthquake
2018-04-10T10:00:00,31.6582,-164.7846,18.89,2.8,Mw,Iran,earthquake
2019-03-26T16:00:00,1.5063,-76.3493,112.58,2.7,Mw,Japan Trench,earthquake
2018-08-14T11:00:00,-11.3324,21.2866,334.41,4.7,Mw,"Sumatra, Indonesia",earthquake
2022-05-24T23:00:00,9.4926,71.3563,187.63,5.8,Mw,Near Coast of Chile,earthquake
2016-08-10T17:00:00,-57.4054,-55.7737,542.56,8.0,Mw,"Hindu Kush region, Afghanistan",earthquake
2019-12-26T09:00:00,10.2634,-73.2623,450.61,3.7,Mw,"California, USA",earthquake
2020-03-21T05:00:00,34.419,-137.6461,693.89,2.9,Mw,"Sumatra, Indonesia",earthquake
2021-12-12T08:00:00,-33.6614,-44.893,612.7,3.5,Mw,Japan Trench,earthquake
2018-03-08T21:00:00,-34.4443,-82.5202,592.98,3.0,Mw,Philippines,earthquake
2015-05-01T01:00:00,10.0473,134.2033,376.83,4.8,Mw,Japan Trench,earthquake
2021-05-20T22:00:00,46.6948,-49.2432,66.9,7.6,Mw,Iran,earthquake
2015-01-30T09:00:00,58.1773,-164.1359,627.27,3.3,Mw,Turkey-Syria Border,earthquake
2023-04-15T11:00:00,34.8244,58.7433,25.95,6.7,Mw,Iran,earthquake
2024-03-19T15:00:00,39.4978,175.1432,434.19,3.7,Mw,Philippines,earthquake
2015-06-08T17:00:00,-26.6356,-93.8474,430.39,7.8,Mw,Nepal,earthquake
2023-07-07T14:00:00,40.1587,-169.6929,488.31,3.9,Mw,"California, USA",earthquake
2018-11-25T03:00:00,-22.6249,4.4987,560.84,4.9,Mw,Iran,earthquake
2017-02-06T02:00:00,-37.3705,-144.4346,553.24,2.9,Mw,Iran,earthquake
2023-09-03T14:00:00,-56.0315,174.6974,50.4,7.4,Mw,Near Coast of Chile,earthquake
2018-06-28T10:00:00,2.7208,-33.9687,338.61,3.4,Mw,Turkey-Syria Border,earthquake
2022-06-18T16:00:00,-24.6426,58.713,611.06,5.2,Mw,Mexico,earthquake
2022-10-29T06:00:00,57.6658,-71.0662,30.94,2.5,Mw,"California, USA",earthquake
2017-05-31T10:00:00,6.8939,-96.1194,178.91,5.6,Mw,Near Coast of Chile,earthquake
2015-03-03T18:00:00,-53.6686,88.1463,471.58,7.7,Mw,"Hindu Kush region, Afghanistan",earthquake
2019-06-16T10:00:00,0.2449,92.1478,571.19,6.0,Mw,Iran,earthquake
2021-11-12T22:00:00,-20.5428,134.9516,252.06,4.1,Mw,Mexico,earthquake
2018-12-19T20:00:00,49.4584,88.5098,257.67,5.2,Mw,"Sumatra, Indonesia",earthquake
2015-02-25T09:00:00,7.8215,-129.5768,261.26,8.1,Mw,Japan Trench,earthquake
2018-04-16T16:00:00,-29.3306,-7.7686,503.17,6.5,Mw,Turkey-Syria Border,earthquake
2018-02-27T01:00:00,21.6529,153.3061,10.18,3.9,Mw,Iran,earthquake
2021-10-03T19:00:00,-26.7191,57.0946,440.45,3.4,Mw,Japan Trench,earthquake
2020-11-23T07:00:00,40.8534,41.6011,405.71,4.4,Mw,"Hindu Kush region, Afghanistan",earthquake
2015-12-14T00:00:00,11.6888,123.5223,482.29,5.7,Mw,Iran,earthquake
2017-01-07T04:00:00,32.2149,-143.5832,370.87,4.8,Mw,"Sumatra, Indonesia",earthquake
2017-07-12T20:00:00,-44.6352,-136.5854,257.78,4.7,Mw,"Sumatra, Indonesia",earthquake
2017-05-21T17:00:00,44.6992,-63.5957,527.89,6.2,Mw,Turkey-Syria Border,earthquake
2020-10-27T00:00:00,4.4498,77.5735,302.53,5.4,Mw,Mexico,earthquake
2017-05-04T19:00:00,-58.5327,29.6759,537.08,5.4,Mw,Iran,earthquake
2023-12-15T05:00:00,20.5461,-179.8683,206.48,6.4,Mw,Turkey-Syria Border,earthquake
2016-01-05T15:00:00,-6.7971,-38.2762,243.57,7.0,Mw,"California, USA",earthquake
2018-06-11T03:00:00,7.7329,130.8505,319.36,2.6,Mw,Near Coast of Chile,earthquake
2018-03-27T23:00:00,34.7112,-98.9038,384.01,6.8,Mw,Near Coast of Chile,earthquake
2021-02-07T16:00:00,-2.6909,-4.9182,529.39,5.1,Mw,"Hindu Kush region, Afghanistan",earthquake
2024-02-10T06:00:00,34.5899,56.8426,364.91,7.9,Mw,Near Coast of Chile,earthquake
2017-03-18T08:00:00,-47.0875,-45.3629,501.12,4.3,Mw,Near Coast of Chile,earthquake
2022-06-03T04:00:00,31.8614,-130.8866,623.88,3.0,Mw,Philippines,earthquake
2018-05-12T15:00:00,10.8447,93.4827,182.37,7.2,Mw,"California, USA",earthquake
2024-10-02T23:00:00,19.6667,-74.534,468.27,7.4,Mw,"Hindu Kush region, Afghanistan",earthquake
2021-06-13T19:00:00,-34.1826,131.033,75.83,6.6,Mw,Iran,earthquake
2017-10-18T01:00:00,-12.3264,-78.4073,610.18,6.9,Mw,"Hindu Kush region, Afghanistan",earthquake
2015-12-20T01:00:00,-8.878,47.5067,609.21,3.6,Mw,Near Coast of Chile,earthquake
2015-04-07T18:00:00,-58.9321,-175.9136,52.05,8.1,Mw,Mexico,earthquake
2017-01-25T00:00:00,40.6607,144.4153,18.61,3.4,Mw,"Hindu Kush region, Afghanistan",earthquake
2023-04-03T09:00:00,22.4899,29.5019,406.18,6.0,Mw,Japan Trench,earthquake
2022-03-25T06:00:00,-31.4345,91.7208,71.31,4.5,Mw,Iran,earthquake
2021-11-22T06:00:00,-36.8263,15.5623,519.85,6.5,Mw,Philippines,earthquake
2016-06-30T03:00:00,59.5238,-157.5592,435.58,8.1,Mw,"Sumatra, Indonesia",earthquake
2023-11-10T14:00:00,-29.197,-93.2696,513.15,2.8,Mw,"California, USA",earthquake
2019-11-07T13:00:00,32.5345,-79.8444,462.47,8.1,Mw,Nepal,earthquake
2024-10-27T09:00:00,22.0519,151.2501,229.75,4.8,Mw,Mexico,earthquake
2018-06-05T07:00:00,1.0156,39.2064,643.41,4.2,Mw,Nepal,earthquake
2015-09-20T15:00:00,8.4874,7.5,250.53,5.6,Mw,Japan Trench,earthquake
2021-06-18T04:00:00,42.2623,-24.1891,85.52,5.4,Mw,Iran,earthquake
2020-09-01T10:00:00,-47.3576,88.3794,556.53,5.3,Mw,Iran,earthquake
2019-04-01T18:00:00,-1.3273,15.5662,407.05,7.4,Mw,"Sumatra, Indonesia",earthquake
2017-06-12T16:00:00,-34.5681,125.9721,249.05,7.2,Mw,Mexico,earthquake
2018-09-17T14:00:00,-13.6455,115.6201,62.62,7.1,Mw,"Hindu Kush region, Afghanistan",earthquake
2017-10-20T05:00:00,38.1725,-158.5365,297.03,6.0,Mw,"Sumatra, Indonesia",earthquake
2022-12-01T16:00:00,47.9822,-60.4701,180.87,6.8,Mw,Iran,earthquake
2023-12-26T08:00:00,9.8888,67.0258,184.16,5.7,Mw,Nepal,earthquake
2015-08-05T22:00:00,-42.3799,-0.437,204.59,6.1,Mw,Iran,earthquake
2022-10-22T19:00:00,-10.9706,-146.1787,499.17,5.3,Mw,"California, USA",earthquake
2019-12-07T20:00:00,-14.4812,-148.8527,418.68,5.7,Mw,Nepal,earthquake
2020-06-15T17:00:00,-45.8761,-179.0879,18.86,6.3,Mw,"Sumatra, Indonesia",earthquake
2023-08-09T11:00:00,27.5842,12.4441,669.86,5.9,Mw,Japan Trench,earthquake
2023-04-25T07:00:00,14.3377,116.5708,527.7,2.7,Mw,Japan Trench,earthquake
2022-12-19T20:00:00,-8.5773,-83.6197,380.9,6.3,Mw,Philippines,earthquake
2020-06-01T02:00:00,20.9918,69.3349,515.98,3.8,Mw,Iran,earthquake
2016-08-14T00:00:00,-27.3962,-7.1666,231.75,4.0,Mw,Mexico,earthquake
2019-02-12T05:00:00,-41.8639,9.8662,591.69,6.5,Mw,Iran,earthquake
2023-02-09T21:00:00,18.5929,45.6651,259.28,3.3,Mw,Philippines,earthquake
2022-08-18T06:00:00,29.2455,55.7138,362.44,4.6,Mw,Philippines,earthquake
2021-09-25T08:00:00,37.4025,50.0017,626.58,3.7,Mw,Near Coast of Chile,earthquake
2021-12-09T02:00:00,-19.1579,34.6465,433.4,7.1,Mw,"Sumatra, Indonesia",earthquake
2017-11-10T16:00:00,55.6298,170.1072,451.08,2.7,Mw,"Hindu Kush region, Afghanistan",earthquake
